<ActionDescription Class="Group" DisplayName="ConfigMgr Client Health" MnemonicDisplayName="ConfigMgr Client Health" Description="Created by Anders Rodland (c) 2017">
  <ImagesDescription>
    <ResourceAssembly>
      <Assembly>c:\program files\ConfigMgr Client Health Console Extension\ConfigMgr Client Health.dll</Assembly>
      <Type>ConfigMgr_Client_Health.Properties.Resources.resources</Type>
    </ResourceAssembly>
    <ImageResourceName>ClientHealth</ImageResourceName>
  </ImagesDescription>
  <ShowOn>
    <string>ContextMenu</string>
  </ShowOn>
  <ActionGroups>
    <ActionDescription Class="Executable" DisplayName="Start ConfigMgr Client Health">
      <ShowOn>
        <string>ContextMenu</string>
      </ShowOn>
      <Executable>
        <FilePath>Powershell.exe</FilePath>
        <Parameters>-sta -executionpolicy bypass -file "c:\program files\ConfigMgr Client Health Console Extension\Scripts\Start-ConfigMgrClientHealth.ps1" -Type "Collection" -Name "##SUB:Name##" -ScheduledTask "ConfigMgr Client Health" -MaxThreads 20</Parameters>
      </Executable>
    </ActionDescription>
  </ActionGroups>
</ActionDescription>